timestamp,Eje X,Eje Y,Eje Z
1,1,0,0
2,0,-1,3
3,0,-1,3
4,0,0,0
5,0,-1,0
6,0,-2,0
7,0,0,1
8,0,0,0
9,0,0,0
10,0,0,0
11,0,-2,0
12,0,0,0
13,1,0,0
14,1,3,-1
15,-2,-3,5
16,-3,-8,13
17,0,0,-2
18,-1,0,-1
19,-3,-4,-1
20,-7,-5,-2
21,1,1,-2
22,1,2,0
23,0,0,0
24,0,0,0
25,0,0,1
26,1,0,0
27,1,0,0
28,1,0,3
29,0,0,0
30,1,0,0
31,1,0,0
32,1,0,0
33,0,0,0
34,0,0,0
35,1,0,0
36,1,0,0
37,0,0,0
38,1,0,0
39,0,0,0
40,1,0,0
41,0,0,0
42,0,0,1
43,0,0,0
44,0,-1,0
45,0,-2,0
46,0,-1,0
47,0,-1,0
48,0,0,-1
49,0,0,0
50,0,0,0
51,0,-1,0
52,1,0,0
53,0,0,0
54,0,0,0
55,0,0,0
56,1,0,0
57,0,0,0
58,0,0,0
59,0,0,0
60,0,-1,0
61,1,0,0
62,0,0,0
63,1,0,0
64,0,0,0
65,0,0,0
66,1,0,0
67,0,0,0
68,0,0,0
69,0,0,0
70,0,0,0
71,0,0,0
72,0,0,0
73,0,0,0
74,1,0,0
75,0,0,0
76,1,0,0
77,0,0,0
78,0,0,0
79,1,0,0
80,0,0,0
81,0,0,0
82,1,1,0
83,-1,0,0
84,0,0,-1
85,0,1,1
86,0,0,0
87,1,-2,-1
88,1,0,-1
89,0,0,0
90,0,0,0
91,0,0,0
92,0,0,0
93,0,0,0
94,1,0,0
95,1,-1,0
96,0,0,0
97,0,0,0
98,0,0,0
99,0,0,0
100,0,0,0
101,0,-1,1
102,0,0,1
103,0,0,0
104,0,0,1
105,-1,-1,2
106,0,0,0
107,0,0,0
108,1,1,0
109,0,0,-2
110,1,0,0
111,1,0,-1
112,1,0,0
113,0,0,0
114,1,0,0
115,0,0,0
116,0,0,0
117,0,0,0
118,1,0,0
119,0,0,0
120,1,0,0
121,1,0,0
122,1,0,0
123,0,0,0
124,0,-2,-1
125,0,-1,1
126,1,-1,2
127,1,0,0
128,1,0,0
129,1,0,-1
130,1,0,-1
131,0,0,1
132,-4,2,2
133,-2,-2,-2
134,0,0,-1
135,1,0,-2
136,0,0,0
137,0,0,1
138,0,0,1
139,0,0,4
140,1,1,1
141,0,-1,0
142,0,-1,1
143,0,0,0
144,-1,-1,-1
145,0,-1,0
146,1,-1,0
147,0,-1,1
148,0,-3,2
149,0,-2,4
150,0,1,5
151,0,0,0
152,-7,-1,-2
153,-7,-3,-3
154,0,1,-4
155,2,0,-3
156,2,0,1
157,0,-1,0
158,1,0,0
159,0,0,0
160,0,0,0
161,0,0,0
162,1,0,0
163,1,0,0
164,0,0,0
165,1,0,0
166,0,-1,1
167,0,-1,1
168,-1,-2,1
169,0,-2,0
170,0,-2,0
171,0,-2,2
172,1,0,3
173,0,0,0
174,0,0,0
175,1,1,3
176,2,1,2
177,1,0,2
178,0,0,0
179,2,1,0
180,1,0,0
181,0,0,0
182,0,0,-1
183,0,0,0
184,0,-1,-1
185,1,0,-2
186,0,0,0
187,0,-1,0
188,1,0,0
189,0,0,0
190,0,0,0
191,1,0,0
192,0,-1,0
193,1,0,0
194,0,0,0
195,1,0,0
196,0,0,0
197,0,0,0
198,0,0,0
199,1,0,0
200,-1,-1,0
201,0,-1,0
202,0,0,0
203,2,0,0
204,0,0,0
205,0,0,1
206,1,0,1
207,1,0,0
208,1,0,2
209,0,0,1
210,0,-1,0
211,0,0,0
212,0,0,1
213,1,0,2
214,1,0,0
215,0,0,0
216,0,-1,0
217,1,0,0
218,1,0,0
219,1,0,0
220,1,0,-1
221,2,0,-1
222,2,-1,-2
223,0,1,1
224,-3,-3,5
225,0,-4,-2
226,1,2,-9
227,3,5,2
228,-4,0,3
229,0,0,2
230,1,0,0
231,0,0,0
232,0,0,0
233,1,0,0
234,0,0,0
235,1,0,0
236,1,0,0
237,1,0,0
238,1,0,0
239,1,0,0
240,0,-1,0
241,0,0,0
242,1,0,0
243,2,0,-1
244,0,0,0
245,1,0,0
246,1,0,-1
247,1,-1,-1
248,1,-2,-1
249,3,0,-1
250,0,-1,0
251,-1,-1,1
252,0,-1,0
253,0,0,0
254,0,0,0
255,0,-3,0
256,0,0,0
257,-1,0,0
258,0,-1,0
259,0,0,0
260,0,0,0
261,0,0,0
262,0,0,0
263,0,0,0
264,0,0,0
265,0,0,0
266,2,0,0
267,0,0,0
268,1,0,0
269,1,0,0
270,1,0,0
271,1,0,0
272,1,0,-1
273,2,0,0
274,0,0,0
275,0,0,0
276,0,0,0
277,2,0,0
278,0,0,0
279,0,0,0
280,0,0,0
281,0,0,-1
282,0,0,0
283,0,0,0
284,0,0,0
285,0,0,0
286,0,0,0
287,2,0,-1
288,0,0,0
289,0,0,0
290,0,0,0
291,0,0,0
292,0,0,0
293,0,0,0
294,0,0,0
295,0,0,1
296,1,0,0
297,0,0,0
298,0,0,0
299,0,0,0
300,0,0,0
301,0,0,0
302,1,0,0
303,0,0,0
304,0,0,0
305,0,0,0
306,0,0,0
307,1,0,0
308,1,0,0
309,0,0,0
310,0,0,0
311,0,0,0
312,0,0,0
313,0,0,-1
314,0,0,0
315,0,0,0
316,1,0,0
317,0,0,0
318,0,0,0
319,1,0,0
320,1,0,0
321,1,0,0
322,0,0,0
323,0,0,0
324,0,0,0
325,0,-1,0
326,1,0,0
327,0,0,0
328,1,0,0
329,0,0,1
330,0,0,1
331,0,0,0
332,1,0,0
333,0,0,-1
334,0,0,0
335,1,0,0
336,0,0,0
337,0,0,0
338,0,0,0
339,0,0,0
340,0,0,0
341,0,0,0
342,0,0,0
343,0,0,0
344,0,0,0
345,1,0,0
346,0,0,1
347,1,0,0
348,0,0,0
349,0,0,0
350,0,0,0
351,0,-1,0
352,0,-1,0
353,1,0,0
354,1,0,0
355,0,0,0
356,1,0,0
357,0,0,0
358,0,0,0
359,0,0,0
360,0,0,0
361,1,0,0
362,0,0,0
363,0,0,0
364,0,0,0
365,0,0,0
366,1,0,0
367,0,0,0
368,0,0,0
369,0,-1,0
370,0,-1,0
371,1,0,0
372,0,0,0
373,0,0,0
374,1,0,0
375,0,0,0
376,0,0,0
377,1,0,0
378,0,0,0
379,1,0,0
380,0,-1,0
381,1,0,-1
382,1,0,0
383,0,0,0
384,0,0,1
385,0,0,1
386,0,0,0
387,0,0,0
388,0,0,0
389,1,0,0
390,1,0,0
391,0,0,0
392,3,-2,0
393,0,0,0
394,0,0,0
395,0,0,0
396,0,0,-1
397,1,0,0
398,0,0,0
399,1,0,0
400,0,0,0
401,0,0,0
402,1,0,1
403,0,0,0
404,0,0,0
405,0,0,1
406,0,-1,0
407,1,0,0
408,0,0,0
409,0,0,0
410,0,0,0
411,1,0,0
412,0,0,0
413,1,0,0
414,0,0,1
415,0,0,0
416,0,0,0
417,0,0,0
418,0,0,0
419,0,0,0
420,0,0,0
421,0,0,0
422,2,0,0
423,0,0,0
424,0,0,0
425,0,0,0
426,0,0,-1
427,1,0,-1
428,0,0,0
429,1,0,0
430,0,0,0
431,1,0,0
432,1,0,-1
433,0,0,0
434,0,0,0
435,0,0,0
436,1,0,2
437,-1,0,1
438,0,0,1
439,0,0,0
440,1,0,0
441,0,-1,0
442,1,0,0
443,1,0,0
444,1,0,0
445,0,0,0
446,1,0,0
447,0,0,0
448,0,0,0
449,0,0,0
450,0,-1,0
451,0,0,-1
452,0,-1,0
453,0,0,0
454,1,0,0
455,0,0,0
456,0,0,0
457,1,0,0
458,0,0,0
459,1,0,0
460,1,0,0
461,1,0,0
462,0,0,0
463,0,0,0
464,0,0,0
465,0,0,0
466,0,0,0
467,0,-1,0
468,0,0,0
469,0,0,0
470,0,0,0
471,1,0,0
472,1,0,0
473,1,0,0
474,0,0,0
475,0,0,-1
476,0,0,0
477,0,0,0
478,0,0,0
479,0,0,0
480,0,0,0
481,0,0,0
482,0,-1,0
483,1,0,0
484,0,0,0
485,1,0,0
486,0,0,0
487,1,0,0
488,1,0,0
489,1,0,0
490,1,0,0
491,0,0,0
492,0,0,0
493,1,0,0
494,0,0,0
495,0,0,0
496,0,0,0
497,0,0,0
498,0,0,0
499,0,0,0
500,1,0,0
501,0,-1,0
502,0,0,0
503,1,0,0
504,0,0,0
505,0,0,0
506,0,0,0
507,0,0,0
508,0,0,0
509,1,0,0
510,0,0,0
511,0,0,0
512,0,0,0
513,0,0,0
514,0,0,0
515,0,0,0
516,0,0,0
517,0,0,0
518,0,0,0
519,0,0,0
520,1,0,0
521,0,0,0
522,0,0,0
523,0,0,0
524,0,-1,0
525,0,0,0
526,0,0,0
527,0,0,0
528,0,0,0
529,0,0,0
530,1,0,0
531,0,0,0
532,0,0,0
533,0,0,0
534,0,0,0
535,1,0,0
536,0,0,0
537,0,0,0
538,0,0,0
539,0,0,1
540,0,0,0
541,0,0,0
542,1,0,0
543,0,0,0
544,1,0,0
545,1,0,0
546,1,0,0
547,0,0,0
548,0,0,0
549,0,0,0
550,0,0,0
551,0,0,0
552,0,0,0
553,0,0,0
554,0,0,0
555,0,0,0
556,0,0,0
557,1,0,0
558,1,0,0
559,0,0,0
560,1,0,0
561,0,0,-1
562,-1,0,0
563,0,0,0
564,1,0,0
565,0,0,0
566,1,0,0
567,0,0,0
568,0,0,0
569,0,0,0
570,0,0,0
571,1,0,0
572,0,0,0
573,0,0,0
574,0,0,0
575,0,0,0
576,0,0,0
577,1,0,0
578,0,0,0
579,0,0,0
580,0,0,0
581,0,0,0
582,0,0,0
583,1,0,0
584,0,0,0
585,1,0,0
586,1,0,0
587,1,0,-1
588,0,0,0
589,0,0,0
590,0,0,0
591,0,0,0
592,0,0,0
593,0,0,0
594,0,0,0
595,1,0,0
596,0,0,0
597,0,0,0
598,0,0,1
599,0,0,0
600,0,0,0
601,1,0,0
602,0,-1,0
603,0,0,0
604,0,0,0
605,0,0,0
606,0,0,0
607,0,0,0
608,0,0,0
609,0,0,0
610,1,0,0
611,0,0,0
612,0,0,0
613,1,0,0
614,0,0,0
615,1,0,0
616,0,0,0
617,0,0,0
618,0,0,0
619,1,0,0
620,1,0,0
621,1,0,0
622,0,0,0
623,0,0,0
624,0,0,0
625,0,0,0
626,0,0,0
627,0,0,1
628,0,0,0
629,0,-1,0
630,1,0,0
631,0,0,0
632,0,0,0
633,0,0,0
634,0,0,0
635,1,0,0
636,0,0,0
637,0,0,0
638,1,0,0
639,0,0,0
640,0,0,0
641,0,-1,0
642,0,0,0
643,0,0,0
644,0,0,0
645,0,0,0
646,2,0,0
647,2,0,0
648,1,0,0
649,0,0,0
650,0,0,0
651,0,-1,0
652,1,0,-1
653,0,0,0
654,0,0,0
655,0,-1,0
656,1,0,0
657,0,-1,0
658,1,-1,0
659,0,0,0
660,0,0,0
661,0,0,0
662,0,0,0
663,1,0,0
664,1,-1,0
665,1,0,0
666,0,0,0
667,0,0,0
668,0,0,0
669,0,0,0
670,0,0,0
671,0,0,0
672,0,0,0
673,0,0,0
674,0,0,0
675,0,0,0
676,0,0,0
677,0,0,0
678,1,0,0
679,1,0,0
680,0,0,0
681,0,0,0
682,0,0,0
683,0,2,0
684,0,0,0
685,0,0,0
686,0,1,0
687,0,0,0
688,0,0,0
689,1,-1,0
690,0,-1,0
691,1,0,0
692,0,0,0
693,0,0,0
694,0,0,0
695,2,0,-1
696,0,0,-1
697,0,0,0
698,0,0,0
699,0,0,0
700,1,0,0
701,0,0,0
702,0,0,0
703,1,0,0
704,0,0,0
705,1,0,0
706,0,0,0
707,0,0,0
708,0,0,0
709,0,0,0
710,1,0,0
711,0,0,0
712,0,0,0
713,0,0,0
714,0,0,0
715,0,0,0
716,1,0,0
717,0,0,0
718,0,0,0
719,0,0,0
720,0,0,0
721,2,0,0
722,0,0,0
723,0,0,0
724,0,0,0
725,0,0,0
726,0,0,0
727,0,0,0
728,0,0,0
729,0,0,0
730,0,0,0
731,0,0,0
732,1,0,0
733,1,0,0
734,0,0,0
735,0,0,0
736,0,0,0
737,0,0,0
738,0,0,0
739,0,0,0
740,0,0,0
741,0,0,0
742,0,0,0
743,0,0,0
744,0,0,0
745,0,0,0
746,0,0,0
747,0,0,0
748,0,0,0
749,0,0,0
750,0,-1,0
751,1,0,0
752,0,0,0
753,0,0,0
754,0,0,0
755,0,0,0
756,1,0,0
757,0,0,0
758,0,0,0
759,0,0,0
760,0,0,0
761,0,0,0
762,0,0,0
763,0,0,0
764,0,0,0
765,1,0,-1
766,0,0,0
767,0,0,0
768,0,0,0
769,0,0,0
770,0,0,-1
771,0,0,0
772,0,0,0
773,0,0,0
774,0,0,0
775,0,0,0
776,0,0,0
777,0,0,0
778,0,0,0
779,0,0,0
780,0,0,0
781,0,0,0
782,0,0,0
783,0,0,0
784,0,0,1
785,0,0,0
786,0,0,-1
787,0,0,0
788,1,0,0
789,1,0,0
790,0,0,0
791,0,0,0
792,0,0,0
793,0,0,0
794,0,0,0
795,0,0,0
796,0,0,0
797,0,0,0
798,0,0,0
799,0,0,0
800,0,0,0
801,0,0,0
802,0,0,0
803,0,0,0
804,0,0,0
805,1,0,0
806,0,0,0
807,0,0,0
808,0,0,0
809,0,0,0
810,0,0,0
811,0,0,0
812,0,0,0
813,0,0,0
814,0,0,0
815,1,0,0
816,0,0,0
817,0,0,0
818,0,0,0
819,0,0,0
820,0,0,0
821,0,0,0
822,0,0,0
823,0,0,0
824,1,0,0
825,0,0,0
826,0,0,1
827,0,0,0
828,0,0,0
829,0,0,0
830,0,0,0
831,0,0,0
832,0,0,0
833,1,0,0
834,0,0,0
835,0,0,0
836,0,0,0
837,1,0,0
838,0,0,0
839,0,0,1
840,0,0,0
841,0,0,0
842,0,0,0
843,0,0,0
844,0,0,0
845,0,0,0
846,0,0,0
847,0,0,0
848,1,0,0
849,1,0,0
850,2,0,0
851,1,0,0
852,1,-1,0
853,0,0,0
854,0,0,0
855,-1,0,0
856,0,-1,0
857,1,-1,0
858,2,-1,0
859,0,0,0
860,0,0,0
861,0,0,0
862,0,0,0
863,0,0,0
864,0,0,0
865,0,0,0
866,0,0,0
867,0,0,0
868,0,0,0
869,0,0,1
870,0,0,0
871,0,0,0
872,0,0,0
873,0,-1,0
874,1,0,0
875,0,0,-1
876,0,0,0
877,0,0,0
878,0,0,0
879,0,0,0
880,0,0,0
881,0,0,0
882,0,0,0
883,0,0,0
884,0,0,0
885,0,0,0
886,0,0,0
887,0,0,-1
888,1,0,0
889,0,0,0
890,0,0,0
891,0,0,0
892,0,0,-1
893,0,0,0
894,0,0,0
895,0,0,0
896,0,0,0
897,0,0,0
898,1,0,0
899,0,0,1
900,0,0,1
901,0,0,0
902,0,0,0
903,0,0,0
904,0,0,0
905,0,0,0
906,0,0,0
907,1,0,0
908,0,0,0
909,0,0,0
910,0,0,0
911,0,0,0
912,0,0,0
913,1,0,0
914,1,0,0
915,0,0,-1
916,1,0,0
917,0,0,0
918,0,0,0
919,0,0,0
920,0,0,0
921,0,0,0
922,1,0,0
923,0,-1,1
924,1,0,0
925,2,0,-1
926,0,0,0
927,-1,0,0
928,0,0,1
929,0,0,1
930,1,0,1
931,0,0,0
932,0,0,0
933,0,0,0
934,0,0,0
935,0,0,0
936,0,0,0
937,0,0,0
938,0,0,0
939,0,0,0
940,0,0,0
941,0,0,0
942,0,0,0
943,0,0,0
944,0,0,0
945,0,0,0
946,0,0,0
947,0,0,0
948,0,0,0
949,0,0,0
950,0,0,0
951,0,0,0
952,1,0,0
953,0,0,0
954,2,0,0
955,-1,0,1
956,0,-1,1
957,1,0,0
958,0,0,0
959,1,0,0
960,1,-1,0
961,0,0,0
962,0,0,1
963,0,0,0
964,0,0,0
965,0,0,0
966,1,0,0
967,0,-1,0
968,1,0,0
969,0,0,0
970,0,0,0
971,0,0,0
972,0,0,0
973,0,0,0
974,0,0,0
975,0,0,0
976,0,0,0
977,0,0,0
978,0,0,0
979,0,0,1
980,0,0,0
981,0,0,0
982,0,0,0
983,0,0,1
984,0,0,0
985,2,0,0
986,1,0,-1
987,0,0,-1
988,1,-1,-3
989,1,0,-1
990,0,1,-1
991,0,0,-3
992,-1,0,-3
993,0,2,-2
994,1,0,4
995,3,-2,4
996,0,0,6
997,0,-3,4
998,0,2,-2
999,-1,-6,-6
1000,2,0,0
1001,0,-1,3
1002,0,0,0
1003,0,0,-1
1004,0,-1,0
1005,1,0,0
1006,0,0,0
1007,0,0,0
1008,0,0,0
1009,0,0,0
1010,0,-1,0
1011,0,0,-1
1012,0,0,0
1013,1,0,-1
1014,2,1,0
1015,0,0,0
1016,2,0,0
1017,0,-1,0
1018,0,-1,0
1019,0,-1,1
1020,0,0,0
1021,0,0,0
1022,1,0,0
1023,1,0,0
1024,0,0,0
1025,1,0,0
1026,0,0,0
1027,0,0,0
1028,0,0,0
1029,0,0,0
1030,0,0,0
1031,0,0,0
1032,1,-1,-1
1033,1,0,0
1034,1,0,0
1035,0,0,0
1036,0,-1,0
1037,0,0,0
1038,1,0,0
1039,0,0,0
1040,0,0,0
1041,0,0,0
1042,0,0,0
1043,0,0,1
1044,0,0,0
1045,0,-1,1
1046,0,0,0
1047,2,0,0
1048,0,0,0
1049,0,0,0
1050,0,0,0
1051,0,0,0
1052,2,0,-1
1053,0,0,0
1054,0,0,0
1055,0,0,0
1056,0,0,0
1057,0,0,1
1058,0,0,0
1059,0,0,0
1060,-2,0,0
1061,0,0,0
1062,0,0,0
1063,0,0,1
1064,0,-1,0
1065,1,0,0
1066,1,0,-2
1067,0,0,0
1068,0,0,0
1069,0,0,0
1070,0,-1,0
1071,1,0,0
1072,0,0,0
1073,2,0,0
1074,0,0,0
1075,1,0,0
1076,0,0,0
1077,0,0,0
1078,1,0,0
1079,1,0,0
1080,0,0,-2
1081,0,0,0
1082,0,0,0
1083,0,0,1
1084,0,0,0
1085,0,0,0
1086,0,0,0
1087,0,0,0
1088,1,0,0
1089,0,0,0
1090,0,0,0
1091,0,0,0
1092,0,0,-1
1093,0,0,0
1094,1,0,0
1095,0,-1,-1
1096,0,0,-1
1097,0,0,0
1098,0,-1,0
1099,0,0,0
1100,0,0,0
1101,0,-1,1
1102,0,-1,0
1103,1,0,0
1104,0,0,1
1105,0,0,-1
1106,0,0,0
1107,1,0,1
1108,1,0,-2
1109,0,-1,0
1110,1,1,2
1111,0,0,-1
1112,0,0,-2
1113,-1,-1,0
1114,0,0,0
1115,0,0,0
1116,0,0,1
1117,0,0,0
1118,0,0,1
1119,0,0,0
1120,0,0,0
1121,0,0,0
1122,0,0,0
1123,0,0,2
1124,1,0,-1
1125,0,-1,0
1126,1,0,1
1127,0,0,-1
1128,0,0,0
1129,1,0,1
1130,1,0,0
1131,0,0,0
1132,0,0,0
1133,0,0,0
1134,0,-1,0
1135,0,0,0
1136,0,0,0
1137,0,0,0
1138,0,0,0
1139,0,0,0
1140,1,0,0
1141,0,0,0
1142,1,0,0
1143,0,0,0
1144,0,0,0
1145,0,0,-1
1146,0,0,0
1147,0,0,0
1148,1,0,0
1149,0,0,0
1150,0,0,0
1151,0,0,0
1152,0,0,0
1153,0,0,0
1154,0,0,0
1155,0,0,0
1156,1,0,0
1157,1,0,0
1158,1,0,0
1159,0,0,0
1160,0,0,-1
1161,0,0,0
1162,0,0,0
1163,0,0,0
1164,0,0,0
1165,0,0,0
1166,0,0,0
1167,0,0,0
1168,0,0,0
1169,0,0,0
1170,0,0,0
1171,0,-1,0
1172,0,0,0
1173,0,0,0
1174,0,0,0
1175,1,0,0
1176,0,0,0
1177,1,0,0
1178,0,0,0
1179,0,0,0
1180,1,0,0
1181,0,0,0
1182,0,0,0
1183,0,0,0
1184,0,0,0
1185,0,0,0
1186,0,0,0
1187,0,0,0
1188,0,0,0
1189,0,0,0
1190,0,0,0
1191,0,0,0
1192,0,0,0
1193,0,-1,0
1194,1,0,0
1195,0,0,0
1196,1,0,0
1197,1,0,0
1198,0,0,0
1199,0,0,0
1200,0,0,0
1201,0,0,1
1202,0,0,0
1203,0,0,0
1204,1,0,0
1205,0,0,0
1206,1,0,0
1207,1,0,-1
1208,0,0,0
1209,0,0,0
1210,1,0,0
1211,0,-1,0
1212,0,0,0
1213,0,0,0
1214,0,0,0
1215,0,0,0
1216,0,0,0
1217,0,0,1
1218,0,0,0
1219,0,0,0
1220,0,-1,0
1221,1,0,0
1222,1,0,-1
1223,1,0,0
1224,3,2,1
1225,0,0,0
1226,2,0,1
1227,0,0,0
1228,0,0,1
1229,0,0,-1
1230,0,0,0
1231,0,1,1
1232,0,0,1
1233,0,0,0
1234,1,0,-1
1235,1,0,0
1236,0,0,0
1237,0,0,0
1238,0,0,0
1239,0,0,-1
1240,-2,-2,-1
1241,0,0,0
1242,0,0,0
1243,0,0,0
1244,0,0,0
1245,0,0,0
1246,0,0,0
1247,1,0,0
1248,0,0,0
1249,1,0,0
1250,0,0,0
1251,1,0,0
1252,0,0,-1
1253,0,0,0
1254,0,0,0
1255,1,0,0
1256,0,0,0
1257,1,0,0
1258,0,0,0
1259,0,0,0
1260,1,0,-1
1261,1,0,0
1262,1,0,0
1263,0,0,1
1264,0,0,-1
1265,1,0,0
1266,0,0,0
1267,0,0,0
1268,0,0,1
1269,0,0,0
1270,0,0,0
1271,0,0,0
1272,1,0,-1
1273,0,0,0
1274,1,0,0
1275,0,0,0
1276,0,0,0
1277,0,0,0
1278,0,0,0
1279,0,0,0
1280,1,0,0
1281,1,0,0
1282,0,0,0
1283,0,0,0
1284,1,0,0
1285,1,0,0
1286,0,0,0
1287,0,0,0
1288,1,0,0
1289,0,0,0
1290,0,0,0
1291,0,0,0
1292,0,0,0
1293,0,0,0
1294,1,-4,0
1295,1,-2,0
1296,1,0,0
1297,0,0,0
1298,0,0,0
1299,0,0,0
1300,0,0,0
1301,0,0,0
1302,0,0,0
1303,0,0,0
1304,0,0,0
1305,0,0,0
1306,0,0,0
1307,0,0,0
1308,0,0,0
1309,0,0,0
1310,0,7,2
1311,1,-1,0
1312,2,0,0
1313,0,0,0
1314,0,-10,0
1315,0,-1,0
1316,0,0,0
1317,0,-1,0
1318,1,0,0
1319,0,0,0
1320,1,0,0
1321,0,0,0
1322,0,0,0
1323,0,0,0
1324,0,0,0
1325,1,0,0
1326,1,0,0
1327,0,0,0
1328,0,-1,0
1329,1,0,0
1330,0,0,0
1331,0,0,0
1332,0,0,0
1333,0,0,0
1334,0,0,0
1335,0,0,0
1336,0,0,0
1337,0,0,0
1338,0,0,0
1339,1,0,0
1340,1,0,0
1341,1,0,0
1342,0,0,0
1343,0,0,0
1344,1,0,0
1345,0,0,0
1346,0,0,0
1347,0,0,0
1348,0,0,0
1349,0,0,1
1350,1,-1,0
1351,1,0,0
1352,0,0,0
1353,1,0,0
1354,1,0,0
1355,0,0,0
1356,0,0,0
1357,0,0,0
1358,0,0,0
1359,0,0,0
1360,1,0,0
1361,0,0,0
1362,0,0,0
1363,0,0,0
1364,0,0,0
1365,0,0,0
1366,1,0,0
1367,0,0,0
1368,0,0,0
1369,0,0,0
1370,0,0,0
1371,0,0,0
1372,0,0,0
1373,1,0,0
1374,0,0,0
1375,1,0,0
1376,0,0,0
1377,0,0,0
1378,0,0,0
1379,0,0,0
1380,1,0,0
1381,0,0,0
1382,0,0,0
1383,0,0,0
1384,0,0,0
1385,1,0,0
1386,0,-1,0
1387,0,0,0
1388,0,-2,0
1389,1,-1,0
1390,0,0,0
1391,0,-3,0
1392,0,0,0
1393,0,0,0
1394,1,0,0
1395,0,0,0
1396,0,0,0
1397,0,0,0
1398,0,0,0
1399,0,0,0
1400,1,0,0
1401,0,-1,0
1402,0,0,0
1403,0,0,0
1404,0,0,0
1405,0,0,1
1406,0,0,0
1407,0,0,-1
1408,0,0,0
1409,1,0,0
1410,0,-1,1
1411,0,0,2
1412,0,0,-1
1413,0,0,0
1414,1,0,-1
1415,0,0,0
1416,0,0,0
1417,0,0,0
1418,0,0,0
1419,0,0,0
1420,1,0,0
1421,1,0,0
1422,2,0,0
1423,0,0,0
1424,0,0,0
1425,0,0,0
1426,1,0,0
1427,1,0,0
1428,0,0,0
1429,0,0,0
1430,0,0,0
1431,0,0,0
1432,0,0,1
1433,0,0,0
1434,0,0,0
1435,0,-1,0
1436,0,0,0
1437,0,0,0
1438,0,0,-1
1439,1,0,-1
1440,0,0,0
1441,1,0,0
1442,1,0,-1
1443,0,0,0
1444,0,0,-1
1445,0,-1,0
1446,0,0,0
1447,0,0,0
1448,0,0,0
1449,0,0,0
1450,0,0,0
1451,0,0,0
1452,1,0,0
1453,0,0,0
1454,1,0,0
1455,1,0,0
1456,0,0,0
1457,0,0,0
1458,1,0,0
1459,0,0,0
1460,0,0,0
1461,1,0,0
1462,0,0,0
1463,0,0,0
1464,1,0,0
1465,0,0,0
1466,0,0,0
1467,0,0,0
1468,1,0,0
1469,1,0,0
1470,0,0,0
1471,1,0,0
1472,0,0,0
1473,0,0,0
1474,1,0,0
1475,1,0,0
1476,0,0,0
1477,0,0,0
1478,0,0,0
1479,0,0,0
1480,0,0,0
1481,0,0,0
1482,0,0,1
1483,0,0,0
1484,1,0,0
1485,0,-1,0
1486,0,0,0
1487,0,0,0
1488,1,0,0
1489,0,0,0
1490,0,0,0
1491,0,0,0
1492,0,0,0
1493,0,0,0
1494,1,0,0
1495,0,0,1
1496,0,0,0
1497,0,0,-1
1498,0,0,-1
1499,0,0,0
1500,0,0,0
1501,0,0,0
1502,1,0,0
1503,0,0,0
1504,0,0,0
1505,0,0,0
1506,0,0,0
1507,1,0,0
1508,0,0,1
1509,0,0,1
1510,1,0,0
1511,0,0,0
1512,0,0,0
1513,0,0,0
1514,1,0,0
1515,0,0,0
1516,0,0,0
1517,0,0,0
1518,1,0,0
1519,0,0,0
1520,0,0,-1
1521,0,0,0
1522,0,0,0
1523,0,0,0
1524,0,0,0
1525,0,0,0
1526,0,0,0
1527,0,0,0
1528,0,0,0
1529,1,0,0
1530,0,0,0
1531,0,0,0
1532,0,0,0
1533,0,0,0
1534,1,0,0
1535,0,0,0
1536,0,0,0
1537,0,0,0
1538,0,0,0
1539,0,0,0
1540,0,0,0
1541,1,0,0
1542,0,0,0
1543,0,0,-1
1544,1,0,-1
1545,0,0,0
1546,1,0,0
1547,0,0,0
1548,0,0,0
1549,0,0,0
1550,0,0,0
1551,0,0,0
1552,0,0,0
1553,1,0,0
1554,0,0,0
1555,0,0,0
1556,0,0,0
1557,1,0,0
1558,0,0,0
1559,0,0,0
1560,0,0,1
1561,0,0,0
1562,0,0,0
1563,0,0,0
1564,0,0,0
1565,0,0,0
1566,0,0,0
1567,1,0,0
1568,0,0,0
1569,1,0,0
1570,0,0,0
1571,0,0,0
1572,0,0,0
1573,0,0,0
1574,0,0,0
1575,0,0,0
1576,0,0,0
1577,0,0,0
1578,1,0,0
1579,0,0,0
1580,0,0,0
1581,0,0,0
1582,0,0,0
1583,0,0,0
1584,1,0,0
1585,0,0,0
1586,0,0,0
1587,0,0,0
1588,0,-1,0
1589,0,0,0
1590,0,0,0
1591,0,0,0
1592,0,0,0
1593,1,0,0
1594,0,0,0
1595,0,0,0
1596,0,0,0
1597,0,0,0
1598,1,0,0
1599,0,0,0
1600,0,0,0
1601,1,0,0
1602,0,0,0
1603,0,0,0
1604,0,0,0
1605,1,0,0
1606,0,0,0
1607,0,0,0
1608,0,0,0
1609,0,0,0
1610,0,0,0
1611,0,0,0
1612,0,0,0
1613,0,0,0
1614,0,0,0
1615,0,0,0
1616,0,0,0
1617,1,0,0
1618,1,0,0
1619,1,0,0
1620,0,0,0
1621,0,0,0
1622,0,0,0
1623,0,0,0
1624,1,0,0
1625,0,0,0
1626,0,0,0
1627,0,0,0
1628,0,0,0
1629,0,0,0
1630,0,0,0
1631,0,0,0
1632,0,0,0
1633,0,0,0
1634,0,0,0
1635,1,0,0
1636,0,0,0
1637,0,0,0
1638,0,0,0
1639,0,0,-1
1640,0,0,0
1641,0,0,0
1642,0,0,0
1643,0,0,0
1644,0,0,0
1645,0,0,0
1646,0,0,0
1647,1,0,0
1648,1,0,0
1649,0,0,0
1650,0,0,0
1651,0,0,0
1652,0,0,0
1653,0,0,0
1654,0,0,0
1655,0,0,0
1656,0,0,0
1657,1,0,0
1658,0,0,0
1659,0,0,0
1660,0,0,0
1661,0,0,0
1662,0,0,0
1663,0,0,0
1664,0,0,0
1665,0,0,0
1666,1,0,0
1667,1,0,0
1668,0,0,0
1669,0,0,0
1670,0,0,0
1671,1,0,0
1672,0,0,0
1673,1,0,0
1674,0,0,0
1675,0,0,0
1676,0,0,0
1677,0,0,0
1678,0,0,0
1679,0,0,1
1680,0,0,0
1681,1,0,0
1682,0,0,0
1683,0,0,0
1684,0,0,0
1685,0,0,0
1686,0,0,0
1687,1,0,0
1688,1,0,0
1689,0,0,0
1690,0,0,0
1691,1,0,0
1692,0,0,1
1693,0,0,0
1694,1,0,0
1695,0,0,0
1696,1,0,0
1697,0,0,0
1698,0,0,0
1699,0,0,0
1700,0,0,0
1701,0,-1,0
1702,1,0,0
1703,0,0,0
1704,0,0,0
1705,0,0,0
1706,0,0,-1
1707,0,0,0
1708,0,0,0
1709,1,0,0
1710,1,1,0
1711,0,1,0
1712,1,0,0
1713,2,0,0
1714,0,0,0
1715,1,0,0
1716,0,0,0
1717,1,0,0
1718,1,0,0
1719,1,0,0
1720,0,0,0
1721,0,0,0
1722,0,0,0
1723,1,0,0
1724,0,0,0
1725,0,0,0
1726,1,0,0
1727,0,0,0
1728,0,0,0
1729,0,0,0
1730,1,0,0
1731,0,0,0
1732,0,0,0
1733,0,0,0
1734,0,0,0
1735,1,0,0
1736,0,0,0
1737,0,0,0
1738,1,0,0
1739,0,0,0
1740,0,0,0
1741,0,0,0
1742,1,0,0
1743,0,0,0
1744,0,0,0
1745,0,0,0
1746,0,0,0
1747,0,0,0
1748,0,0,0
1749,0,0,0
1750,0,0,1
1751,0,0,0
1752,0,0,0
1753,0,0,0
1754,0,0,0
1755,0,0,0
1756,1,0,0
1757,0,0,0
1758,0,0,0
1759,0,0,0
1760,0,0,0
1761,0,0,0
1762,0,0,0
1763,1,0,0
1764,0,0,0
1765,1,1,0
1766,0,0,1
1767,0,0,0
1768,1,0,0
1769,0,0,-1
1770,1,0,0
1771,0,0,0
1772,1,0,0
1773,1,0,0
1774,0,0,0
1775,0,0,0
1776,0,0,0
1777,0,0,0
1778,0,0,0
1779,0,0,0
1780,0,0,0
1781,1,0,0
1782,2,0,0
1783,2,-1,0
1784,2,0,0
1785,1,0,0
1786,0,0,0
1787,0,0,0
1788,2,-1,0
1789,0,0,0
1790,1,0,0
1791,1,0,0
1792,-1,0,0
1793,0,0,0
1794,0,0,0
1795,0,0,0
1796,0,0,0
1797,0,0,0
1798,0,0,0
1799,0,0,0
1800,1,0,0
1801,1,0,0
1802,0,0,0
1803,1,0,0
1804,0,0,0
1805,-1,-2,-1
1806,0,0,0
1807,0,0,0
1808,0,0,0
1809,0,-1,0
1810,1,0,-1
1811,0,0,-1
1812,0,0,-1
1813,0,-1,1
1814,0,0,0
1815,-2,-3,1
1816,0,-2,0
1817,0,0,0
1818,0,0,0
1819,1,0,0
1820,0,0,0
1821,0,0,0
1822,0,0,0
1823,0,0,0
1824,0,0,0
1825,0,0,0
1826,0,0,0
1827,0,0,0
1828,1,0,0
1829,0,0,0
1830,0,0,0
1831,0,0,0
1832,1,0,0
1833,0,0,0
1834,0,0,0
1835,0,0,0
1836,0,0,0
1837,0,0,0
1838,0,-1,0
1839,0,-1,0
1840,0,0,0
1841,1,0,0
1842,1,0,0
1843,0,0,0
1844,0,0,0
1845,1,0,0
1846,1,0,0
1847,0,0,0
1848,1,0,0
1849,1,0,0
1850,0,0,0
1851,0,0,0
1852,0,0,0
1853,0,0,0
1854,0,0,0
1855,0,0,0
1856,1,-1,0
1857,1,0,0
1858,5,-2,-1
1859,-1,0,0
1860,-4,0,0
1861,0,0,0
1862,1,0,0
1863,0,-1,0
1864,0,0,0
1865,0,2,0
1866,1,1,0
1867,0,1,0
1868,1,0,0
1869,1,0,0
1870,1,0,0
1871,0,-2,0
1872,1,-2,0
1873,0,0,0
1874,0,-2,0
1875,0,-4,0
1876,0,0,0
1877,0,0,0
1878,0,0,0
1879,1,0,0
1880,0,0,0
1881,0,0,0
1882,0,0,0
1883,0,0,0
1884,0,0,0
1885,1,0,0
1886,0,0,0
1887,0,0,0
1888,0,0,0
1889,0,0,0
1890,0,0,0
1891,0,0,0
1892,0,0,0
1893,0,-6,0
1894,0,-4,0
1895,1,0,0
1896,1,1,0
1897,1,0,0
1898,0,-1,0
1899,0,0,0
1900,0,1,0
1901,0,2,0
1902,0,3,0
1903,0,0,0
1904,0,2,0
1905,0,0,0
1906,0,0,0
1907,0,3,0
1908,0,1,0
1909,0,-2,0
1910,0,0,0
1911,1,0,0
1912,1,0,0
1913,0,0,0
1914,0,-1,0
1915,1,0,0
1916,1,0,0
1917,1,0,0
1918,0,0,0
1919,0,0,0
1920,0,0,0
1921,0,0,0
1922,1,0,0
1923,0,0,0
1924,0,0,0
1925,0,0,0
1926,0,0,0
1927,0,0,0
1928,1,0,-1
1929,0,0,0
1930,2,0,0
1931,0,0,0
1932,1,0,0
1933,0,0,0
1934,0,0,0
1935,0,0,0
1936,1,0,0
1937,0,0,0
1938,0,0,0
1939,0,0,0
1940,0,0,0
1941,0,0,0
1942,0,0,0
1943,0,0,0
1944,0,0,0
1945,0,0,0
1946,0,0,0
1947,0,0,0
1948,0,0,0
1949,0,0,0
1950,0,0,0
1951,0,0,0
1952,1,0,0
1953,1,0,0
1954,0,0,0
1955,0,0,0
1956,0,0,0
1957,0,0,0
1958,1,0,0
1959,1,0,0
1960,1,0,0
1961,1,0,0
1962,0,0,0
1963,0,0,0
1964,0,0,0
1965,0,0,0
1966,0,0,0
1967,1,0,0
1968,0,0,0
1969,1,0,0
1970,0,0,0
1971,0,0,0
1972,0,0,0
1973,0,0,0
1974,0,0,0
1975,0,0,0
1976,0,0,0
1977,0,0,0
1978,0,0,0
1979,0,0,0
1980,0,-1,0
1981,0,0,0
1982,0,0,0
1983,1,0,0
1984,0,0,0
1985,0,0,0
1986,1,0,0
1987,0,0,0
1988,1,0,0
1989,0,0,0
1990,0,0,0
1991,0,0,0
1992,0,0,0
1993,0,0,0
1994,0,0,0
1995,0,0,0
1996,0,0,0
1997,0,0,0
1998,1,0,0
1999,0,0,0
2000,0,0,0
